img_name,label
A_1.png,0
A_10.png,0
A_11.png,0
A_12.png,0
A_13.png,0
A_14.png,0
A_15.png,0
A_16.png,0
A_17.png,0
A_18.png,0
A_19.png,0
A_2.png,0
A_20.png,0
A_21.png,0
A_22.png,0
A_23.png,0
A_24.png,0
A_25.png,0
A_26.png,0
A_27.png,0
A_28.png,0
A_29.png,0
A_3.png,0
A_30.png,0
A_4.png,0
A_5.png,0
A_6.png,0
A_7.png,0
A_8.png,0
A_9.png,0
BA_1.png,1
BA_10.png,1
BA_11.png,1
BA_12.png,1
BA_13.png,1
BA_14.png,1
BA_15.png,1
BA_16.png,1
BA_17.png,1
BA_18.png,1
BA_19.png,1
BA_2.png,1
BA_20.png,1
BA_21.png,1
BA_22.png,1
BA_23.png,1
BA_24.png,1
BA_25.png,1
BA_26.png,1
BA_27.png,1
BA_28.png,1
BA_29.png,1
BA_3.png,1
BA_30.png,1
BA_31.png,1
BA_32.png,1
BA_33.png,1
BA_34.png,1
BA_35.png,1
BA_36.png,1
BA_37.png,1
BA_38.png,1
BA_39.png,1
BA_4.png,1
BA_40.png,1
BA_41.png,1
BA_42.png,1
BA_43.png,1
BA_44.png,1
BA_45.png,1
BA_46.png,1
BA_47.png,1
BA_5.png,1
BA_6.png,1
BA_7.png,1
BA_8.png,1
BA_9.png,1
CA_1.png,2
CA_10.png,2
CA_11.png,2
CA_12.png,2
CA_13.png,2
CA_14.png,2
CA_15.png,2
CA_16.png,2
CA_17.png,2
CA_18.png,2
CA_19.png,2
CA_2.png,2
CA_3.png,2
CA_4.png,2
CA_5.png,2
CA_6.png,2
CA_7.png,2
CA_8.png,2
CA_9.png,2
DA_1.png,3
DA_10.png,3
DA_11.png,3
DA_12.png,3
DA_13.png,3
DA_14.png,3
DA_15.png,3
DA_16.png,3
DA_17.png,3
DA_18.png,3
DA_19.png,3
DA_2.png,3
DA_20.png,3
DA_21.png,3
DA_22.png,3
DA_23.png,3
DA_24.png,3
DA_25.png,3
DA_26.png,3
DA_27.png,3
DA_28.png,3
DA_29.png,3
DA_3.png,3
DA_30.png,3
DA_31.png,3
DA_32.png,3
DA_33.png,3
DA_34.png,3
DA_35.png,3
DA_36.png,3
DA_37.png,3
DA_38.png,3
DA_39.png,3
DA_4.png,3
DA_40.png,3
DA_41.png,3
DA_42.png,3
DA_43.png,3
DA_44.png,3
DA_45.png,3
DA_46.png,3
DA_47.png,3
DA_48.png,3
DA_49.png,3
DA_5.png,3
DA_50.png,3
DA_51.png,3
DA_52.png,3
DA_53.png,3
DA_54.png,3
DA_55.png,3
DA_56.png,3
DA_57.png,3
DA_58.png,3
DA_59.png,3
DA_6.png,3
DA_60.png,3
DA_61.png,3
DA_62.png,3
DA_63.png,3
DA_64.png,3
DA_65.png,3
DA_66.png,3
DA_67.png,3
DA_7.png,3
DA_8.png,3
DA_9.png,3
GA_1.png,4
GA_10.png,4
GA_11.png,4
GA_12.png,4
GA_13.png,4
GA_14.png,4
GA_15.png,4
GA_16.png,4
GA_17.png,4
GA_18.png,4
GA_19.png,4
GA_2.png,4
GA_20.png,4
GA_21.png,4
GA_22.png,4
GA_23.png,4
GA_24.png,4
GA_25.png,4
GA_26.png,4
GA_27.png,4
GA_28.png,4
GA_29.png,4
GA_3.png,4
GA_30.png,4
GA_31.png,4
GA_32.png,4
GA_33.png,4
GA_34.png,4
GA_35.png,4
GA_36.png,4
GA_37.png,4
GA_4.png,4
GA_5.png,4
GA_6.png,4
GA_7.png,4
GA_8.png,4
GA_9.png,4
HA_1.png,5
HA_10.png,5
HA_11.png,5
HA_12.png,5
HA_13.png,5
HA_14.png,5
HA_15.png,5
HA_16.png,5
HA_17.png,5
HA_18.png,5
HA_19.png,5
HA_2.png,5
HA_20.png,5
HA_21.png,5
HA_22.png,5
HA_23.png,5
HA_24.png,5
HA_25.png,5
HA_26.png,5
HA_27.png,5
HA_3.png,5
HA_4.png,5
HA_5.png,5
HA_6.png,5
HA_7.png,5
HA_8.png,5
HA_9.png,5
I_1.png,6
I_10.png,6
I_11.png,6
I_12.png,6
I_13.png,6
I_14.png,6
I_15.png,6
I_16.png,6
I_2.png,6
I_3.png,6
I_4.png,6
I_5.png,6
I_6.png,6
I_7.png,6
I_8.png,6
I_9.png,6
JA_1.png,7
JA_10.png,7
JA_11.png,7
JA_12.png,7
JA_13.png,7
JA_14.png,7
JA_15.png,7
JA_16.png,7
JA_17.png,7
JA_18.png,7
JA_19.png,7
JA_2.png,7
JA_20.png,7
JA_21.png,7
JA_3.png,7
JA_4.png,7
JA_5.png,7
JA_6.png,7
JA_7.png,7
JA_8.png,7
JA_9.png,7
KA_1.png,8
KA_10.png,8
KA_11.png,8
KA_12.png,8
KA_13.png,8
KA_14.png,8
KA_15.png,8
KA_16.png,8
KA_17.png,8
KA_18.png,8
KA_19.png,8
KA_2.png,8
KA_20.png,8
KA_21.png,8
KA_22.png,8
KA_23.png,8
KA_24.png,8
KA_25.png,8
KA_26.png,8
KA_27.png,8
KA_28.png,8
KA_29.png,8
KA_3.png,8
KA_30.png,8
KA_31.png,8
KA_32.png,8
KA_33.png,8
KA_34.png,8
KA_35.png,8
KA_36.png,8
KA_37.png,8
KA_38.png,8
KA_39.png,8
KA_4.png,8
KA_40.png,8
KA_41.png,8
KA_42.png,8
KA_43.png,8
KA_44.png,8
KA_45.png,8
KA_46.png,8
KA_47.png,8
KA_48.png,8
KA_49.png,8
KA_5.png,8
KA_50.png,8
KA_51.png,8
KA_52.png,8
KA_53.png,8
KA_54.png,8
KA_55.png,8
KA_56.png,8
KA_57.png,8
KA_58.png,8
KA_59.png,8
KA_6.png,8
KA_60.png,8
KA_7.png,8
KA_8.png,8
KA_9.png,8
LA_1.png,9
LA_10.png,9
LA_11.png,9
LA_12.png,9
LA_13.png,9
LA_14.png,9
LA_15.png,9
LA_16.png,9
LA_17.png,9
LA_18.png,9
LA_19.png,9
LA_2.png,9
LA_20.png,9
LA_21.png,9
LA_22.png,9
LA_23.png,9
LA_24.png,9
LA_25.png,9
LA_26.png,9
LA_27.png,9
LA_28.png,9
LA_29.png,9
LA_3.png,9
LA_30.png,9
LA_31.png,9
LA_32.png,9
LA_33.png,9
LA_34.png,9
LA_35.png,9
LA_36.png,9
LA_37.png,9
LA_38.png,9
LA_39.png,9
LA_4.png,9
LA_40.png,9
LA_41.png,9
LA_42.png,9
LA_43.png,9
LA_44.png,9
LA_45.png,9
LA_46.png,9
LA_47.png,9
LA_48.png,9
LA_49.png,9
LA_5.png,9
LA_50.png,9
LA_51.png,9
LA_52.png,9
LA_53.png,9
LA_54.png,9
LA_55.png,9
LA_56.png,9
LA_57.png,9
LA_58.png,9
LA_59.png,9
LA_6.png,9
LA_60.png,9
LA_7.png,9
LA_8.png,9
LA_9.png,9
MA_1.png,10
MA_10.png,10
MA_11.png,10
MA_12.png,10
MA_13.png,10
MA_14.png,10
MA_15.png,10
MA_16.png,10
MA_17.png,10
MA_18.png,10
MA_19.png,10
MA_2.png,10
MA_20.png,10
MA_21.png,10
MA_22.png,10
MA_23.png,10
MA_24.png,10
MA_25.png,10
MA_26.png,10
MA_27.png,10
MA_28.png,10
MA_29.png,10
MA_3.png,10
MA_30.png,10
MA_31.png,10
MA_32.png,10
MA_33.png,10
MA_34.png,10
MA_35.png,10
MA_36.png,10
MA_37.png,10
MA_38.png,10
MA_39.png,10
MA_4.png,10
MA_40.png,10
MA_41.png,10
MA_42.png,10
MA_43.png,10
MA_44.png,10
MA_45.png,10
MA_46.png,10
MA_47.png,10
MA_48.png,10
MA_49.png,10
MA_5.png,10
MA_50.png,10
MA_51.png,10
MA_52.png,10
MA_53.png,10
MA_54.png,10
MA_55.png,10
MA_56.png,10
MA_6.png,10
MA_7.png,10
MA_8.png,10
MA_9.png,10
NA_1.png,11
NA_10.png,11
NA_100.png,11
NA_101.png,11
NA_102.png,11
NA_103.png,11
NA_104.png,11
NA_105.png,11
NA_106.png,11
NA_107.png,11
NA_108.png,11
NA_109.png,11
NA_11.png,11
NA_110.png,11
NA_111.png,11
NA_112.png,11
NA_113.png,11
NA_114.png,11
NA_115.png,11
NA_116.png,11
NA_117.png,11
NA_118.png,11
NA_119.png,11
NA_12.png,11
NA_120.png,11
NA_13.png,11
NA_14.png,11
NA_15.png,11
NA_16.png,11
NA_17.png,11
NA_18.png,11
NA_19.png,11
NA_2.png,11
NA_20.png,11
NA_21.png,11
NA_22.png,11
NA_23.png,11
NA_24.png,11
NA_25.png,11
NA_26.png,11
NA_27.png,11
NA_28.png,11
NA_29.png,11
NA_3.png,11
NA_30.png,11
NA_31.png,11
NA_32.png,11
NA_33.png,11
NA_34.png,11
NA_35.png,11
NA_36.png,11
NA_37.png,11
NA_38.png,11
NA_39.png,11
NA_4.png,11
NA_40.png,11
NA_41.png,11
NA_42.png,11
NA_43.png,11
NA_44.png,11
NA_45.png,11
NA_46.png,11
NA_47.png,11
NA_48.png,11
NA_49.png,11
NA_5.png,11
NA_50.png,11
NA_51.png,11
NA_52.png,11
NA_53.png,11
NA_54.png,11
NA_55.png,11
NA_56.png,11
NA_57.png,11
NA_58.png,11
NA_59.png,11
NA_6.png,11
NA_60.png,11
NA_61.png,11
NA_62.png,11
NA_63.png,11
NA_64.png,11
NA_65.png,11
NA_66.png,11
NA_67.png,11
NA_68.png,11
NA_69.png,11
NA_7.png,11
NA_70.png,11
NA_71.png,11
NA_72.png,11
NA_73.png,11
NA_74.png,11
NA_75.png,11
NA_76.png,11
NA_77.png,11
NA_78.png,11
NA_79.png,11
NA_8.png,11
NA_80.png,11
NA_81.png,11
NA_82.png,11
NA_83.png,11
NA_84.png,11
NA_85.png,11
NA_86.png,11
NA_87.png,11
NA_88.png,11
NA_89.png,11
NA_9.png,11
NA_90.png,11
NA_91.png,11
NA_92.png,11
NA_93.png,11
NA_94.png,11
NA_95.png,11
NA_96.png,11
NA_97.png,11
NA_98.png,11
NA_99.png,11
NGA_1.png,12
NGA_10.png,12
NGA_11.png,12
NGA_12.png,12
NGA_13.png,12
NGA_14.png,12
NGA_15.png,12
NGA_16.png,12
NGA_17.png,12
NGA_18.png,12
NGA_19.png,12
NGA_2.png,12
NGA_20.png,12
NGA_21.png,12
NGA_22.png,12
NGA_23.png,12
NGA_24.png,12
NGA_25.png,12
NGA_3.png,12
NGA_4.png,12
NGA_5.png,12
NGA_6.png,12
NGA_7.png,12
NGA_8.png,12
NGA_9.png,12
NYA_1.png,13
NYA_10.png,13
NYA_11.png,13
NYA_12.png,13
NYA_13.png,13
NYA_14.png,13
NYA_2.png,13
NYA_3.png,13
NYA_4.png,13
NYA_5.png,13
NYA_6.png,13
NYA_7.png,13
NYA_8.png,13
NYA_9.png,13
PANELENG_1.png,21
PANELENG_10.png,21
PANELENG_11.png,21
PANELENG_12.png,21
PANELENG_13.png,21
PANELENG_14.png,21
PANELENG_15.png,21
PANELENG_16.png,21
PANELENG_17.png,21
PANELENG_18.png,21
PANELENG_19.png,21
PANELENG_2.png,21
PANELENG_20.png,21
PANELENG_21.png,21
PANELENG_22.png,21
PANELENG_23.png,21
PANELENG_24.png,21
PANELENG_25.png,21
PANELENG_26.png,21
PANELENG_27.png,21
PANELENG_28.png,21
PANELENG_29.png,21
PANELENG_3.png,21
PANELENG_30.png,21
PANELENG_31.png,21
PANELENG_32.png,21
PANELENG_33.png,21
PANELENG_34.png,21
PANELENG_35.png,21
PANELENG_36.png,21
PANELENG_37.png,21
PANELENG_38.png,21
PANELENG_39.png,21
PANELENG_4.png,21
PANELENG_40.png,21
PANELENG_41.png,21
PANELENG_42.png,21
PANELENG_5.png,21
PANELENG_6.png,21
PANELENG_7.png,21
PANELENG_8.png,21
PANELENG_9.png,21
PANEULEUNG_1.png,24
PANEULEUNG_10.png,24
PANEULEUNG_11.png,24
PANEULEUNG_12.png,24
PANEULEUNG_13.png,24
PANEULEUNG_14.png,24
PANEULEUNG_15.png,24
PANEULEUNG_16.png,24
PANEULEUNG_17.png,24
PANEULEUNG_18.png,24
PANEULEUNG_19.png,24
PANEULEUNG_2.png,24
PANEULEUNG_20.png,24
PANEULEUNG_21.png,24
PANEULEUNG_22.png,24
PANEULEUNG_23.png,24
PANEULEUNG_24.png,24
PANEULEUNG_25.png,24
PANEULEUNG_26.png,24
PANEULEUNG_27.png,24
PANEULEUNG_28.png,24
PANEULEUNG_29.png,24
PANEULEUNG_3.png,24
PANEULEUNG_30.png,24
PANEULEUNG_31.png,24
PANEULEUNG_32.png,24
PANEULEUNG_33.png,24
PANEULEUNG_34.png,24
PANEULEUNG_35.png,24
PANEULEUNG_36.png,24
PANEULEUNG_37.png,24
PANEULEUNG_38.png,24
PANEULEUNG_39.png,24
PANEULEUNG_4.png,24
PANEULEUNG_40.png,24
PANEULEUNG_41.png,24
PANEULEUNG_42.png,24
PANEULEUNG_43.png,24
PANEULEUNG_44.png,24
PANEULEUNG_45.png,24
PANEULEUNG_46.png,24
PANEULEUNG_47.png,24
PANEULEUNG_48.png,24
PANEULEUNG_49.png,24
PANEULEUNG_5.png,24
PANEULEUNG_50.png,24
PANEULEUNG_51.png,24
PANEULEUNG_52.png,24
PANEULEUNG_53.png,24
PANEULEUNG_54.png,24
PANEULEUNG_55.png,24
PANEULEUNG_56.png,24
PANEULEUNG_57.png,24
PANEULEUNG_58.png,24
PANEULEUNG_59.png,24
PANEULEUNG_6.png,24
PANEULEUNG_60.png,24
PANEULEUNG_61.png,24
PANEULEUNG_62.png,24
PANEULEUNG_63.png,24
PANEULEUNG_7.png,24
PANEULEUNG_8.png,24
PANEULEUNG_9.png,24
PANGHULU_1.png,25
PANGHULU_10.png,25
PANGHULU_11.png,25
PANGHULU_12.png,25
PANGHULU_13.png,25
PANGHULU_14.png,25
PANGHULU_15.png,25
PANGHULU_16.png,25
PANGHULU_17.png,25
PANGHULU_18.png,25
PANGHULU_19.png,25
PANGHULU_2.png,25
PANGHULU_20.png,25
PANGHULU_21.png,25
PANGHULU_22.png,25
PANGHULU_23.png,25
PANGHULU_24.png,25
PANGHULU_25.png,25
PANGHULU_26.png,25
PANGHULU_27.png,25
PANGHULU_28.png,25
PANGHULU_29.png,25
PANGHULU_3.png,25
PANGHULU_30.png,25
PANGHULU_31.png,25
PANGHULU_32.png,25
PANGHULU_33.png,25
PANGHULU_34.png,25
PANGHULU_35.png,25
PANGHULU_36.png,25
PANGHULU_37.png,25
PANGHULU_38.png,25
PANGHULU_39.png,25
PANGHULU_4.png,25
PANGHULU_40.png,25
PANGHULU_41.png,25
PANGHULU_42.png,25
PANGHULU_43.png,25
PANGHULU_44.png,25
PANGHULU_45.png,25
PANGHULU_46.png,25
PANGHULU_47.png,25
PANGHULU_48.png,25
PANGHULU_49.png,25
PANGHULU_5.png,25
PANGHULU_50.png,25
PANGHULU_51.png,25
PANGHULU_52.png,25
PANGHULU_53.png,25
PANGHULU_54.png,25
PANGHULU_55.png,25
PANGHULU_56.png,25
PANGHULU_57.png,25
PANGHULU_58.png,25
PANGHULU_59.png,25
PANGHULU_6.png,25
PANGHULU_60.png,25
PANGHULU_7.png,25
PANGHULU_8.png,25
PANGHULU_9.png,25
PANGLAYAR_1.png,22
PANGLAYAR_10.png,22
PANGLAYAR_11.png,22
PANGLAYAR_12.png,22
PANGLAYAR_13.png,22
PANGLAYAR_14.png,22
PANGLAYAR_15.png,22
PANGLAYAR_16.png,22
PANGLAYAR_17.png,22
PANGLAYAR_18.png,22
PANGLAYAR_19.png,22
PANGLAYAR_2.png,22
PANGLAYAR_20.png,22
PANGLAYAR_21.png,22
PANGLAYAR_22.png,22
PANGLAYAR_23.png,22
PANGLAYAR_3.png,22
PANGLAYAR_4.png,22
PANGLAYAR_5.png,22
PANGLAYAR_6.png,22
PANGLAYAR_7.png,22
PANGLAYAR_8.png,22
PANGLAYAR_9.png,22
PANOLONG_1.png,23
PANOLONG_10.png,23
PANOLONG_11.png,23
PANOLONG_12.png,23
PANOLONG_13.png,23
PANOLONG_14.png,23
PANOLONG_15.png,23
PANOLONG_16.png,23
PANOLONG_17.png,23
PANOLONG_18.png,23
PANOLONG_19.png,23
PANOLONG_2.png,23
PANOLONG_20.png,23
PANOLONG_21.png,23
PANOLONG_22.png,23
PANOLONG_23.png,23
PANOLONG_24.png,23
PANOLONG_25.png,23
PANOLONG_26.png,23
PANOLONG_27.png,23
PANOLONG_28.png,23
PANOLONG_29.png,23
PANOLONG_3.png,23
PANOLONG_30.png,23
PANOLONG_31.png,23
PANOLONG_32.png,23
PANOLONG_33.png,23
PANOLONG_34.png,23
PANOLONG_35.png,23
PANOLONG_4.png,23
PANOLONG_5.png,23
PANOLONG_6.png,23
PANOLONG_7.png,23
PANOLONG_8.png,23
PANOLONG_9.png,23
PANYUKU_1.png,26
PANYUKU_10.png,26
PANYUKU_11.png,26
PANYUKU_12.png,26
PANYUKU_13.png,26
PANYUKU_14.png,26
PANYUKU_15.png,26
PANYUKU_16.png,26
PANYUKU_17.png,26
PANYUKU_18.png,26
PANYUKU_19.png,26
PANYUKU_2.png,26
PANYUKU_20.png,26
PANYUKU_21.png,26
PANYUKU_22.png,26
PANYUKU_23.png,26
PANYUKU_24.png,26
PANYUKU_25.png,26
PANYUKU_26.png,26
PANYUKU_27.png,26
PANYUKU_28.png,26
PANYUKU_29.png,26
PANYUKU_3.png,26
PANYUKU_30.png,26
PANYUKU_31.png,26
PANYUKU_32.png,26
PANYUKU_33.png,26
PANYUKU_34.png,26
PANYUKU_35.png,26
PANYUKU_36.png,26
PANYUKU_4.png,26
PANYUKU_5.png,26
PANYUKU_6.png,26
PANYUKU_7.png,26
PANYUKU_8.png,26
PANYUKU_9.png,26
PATEN_1.png,27
PATEN_10.png,27
PATEN_11.png,27
PATEN_12.png,27
PATEN_13.png,27
PATEN_14.png,27
PATEN_15.png,27
PATEN_16.png,27
PATEN_17.png,27
PATEN_18.png,27
PATEN_19.png,27
PATEN_2.png,27
PATEN_20.png,27
PATEN_21.png,27
PATEN_22.png,27
PATEN_23.png,27
PATEN_24.png,27
PATEN_25.png,27
PATEN_26.png,27
PATEN_27.png,27
PATEN_28.png,27
PATEN_29.png,27
PATEN_3.png,27
PATEN_30.png,27
PATEN_31.png,27
PATEN_32.png,27
PATEN_33.png,27
PATEN_34.png,27
PATEN_35.png,27
PATEN_36.png,27
PATEN_37.png,27
PATEN_38.png,27
PATEN_39.png,27
PATEN_4.png,27
PATEN_40.png,27
PATEN_41.png,27
PATEN_42.png,27
PATEN_43.png,27
PATEN_44.png,27
PATEN_45.png,27
PATEN_46.png,27
PATEN_47.png,27
PATEN_48.png,27
PATEN_49.png,27
PATEN_5.png,27
PATEN_50.png,27
PATEN_51.png,27
PATEN_52.png,27
PATEN_53.png,27
PATEN_54.png,27
PATEN_55.png,27
PATEN_56.png,27
PATEN_57.png,27
PATEN_58.png,27
PATEN_59.png,27
PATEN_6.png,27
PATEN_60.png,27
PATEN_61.png,27
PATEN_62.png,27
PATEN_63.png,27
PATEN_64.png,27
PATEN_65.png,27
PATEN_66.png,27
PATEN_67.png,27
PATEN_68.png,27
PATEN_69.png,27
PATEN_7.png,27
PATEN_70.png,27
PATEN_71.png,27
PATEN_72.png,27
PATEN_73.png,27
PATEN_74.png,27
PATEN_75.png,27
PATEN_76.png,27
PATEN_77.png,27
PATEN_78.png,27
PATEN_79.png,27
PATEN_8.png,27
PATEN_80.png,27
PATEN_81.png,27
PATEN_82.png,27
PATEN_83.png,27
PATEN_84.png,27
PATEN_9.png,27
PA_1.png,14
PA_10.png,14
PA_11.png,14
PA_12.png,14
PA_13.png,14
PA_14.png,14
PA_15.png,14
PA_16.png,14
PA_17.png,14
PA_18.png,14
PA_19.png,14
PA_2.png,14
PA_20.png,14
PA_21.png,14
PA_22.png,14
PA_23.png,14
PA_24.png,14
PA_25.png,14
PA_26.png,14
PA_27.png,14
PA_28.png,14
PA_29.png,14
PA_3.png,14
PA_30.png,14
PA_31.png,14
PA_32.png,14
PA_33.png,14
PA_34.png,14
PA_35.png,14
PA_36.png,14
PA_37.png,14
PA_38.png,14
PA_39.png,14
PA_4.png,14
PA_40.png,14
PA_41.png,14
PA_42.png,14
PA_43.png,14
PA_44.png,14
PA_45.png,14
PA_46.png,14
PA_47.png,14
PA_48.png,14
PA_49.png,14
PA_5.png,14
PA_50.png,14
PA_51.png,14
PA_52.png,14
PA_53.png,14
PA_54.png,14
PA_55.png,14
PA_56.png,14
PA_57.png,14
PA_58.png,14
PA_59.png,14
PA_6.png,14
PA_60.png,14
PA_61.png,14
PA_7.png,14
PA_8.png,14
PA_9.png,14
RA_1.png,15
RA_10.png,15
RA_11.png,15
RA_12.png,15
RA_13.png,15
RA_14.png,15
RA_15.png,15
RA_16.png,15
RA_17.png,15
RA_18.png,15
RA_19.png,15
RA_2.png,15
RA_20.png,15
RA_21.png,15
RA_22.png,15
RA_23.png,15
RA_24.png,15
RA_25.png,15
RA_26.png,15
RA_27.png,15
RA_28.png,15
RA_29.png,15
RA_3.png,15
RA_30.png,15
RA_31.png,15
RA_32.png,15
RA_33.png,15
RA_34.png,15
RA_35.png,15
RA_36.png,15
RA_37.png,15
RA_38.png,15
RA_39.png,15
RA_4.png,15
RA_40.png,15
RA_41.png,15
RA_42.png,15
RA_43.png,15
RA_44.png,15
RA_45.png,15
RA_46.png,15
RA_47.png,15
RA_48.png,15
RA_49.png,15
RA_5.png,15
RA_50.png,15
RA_51.png,15
RA_52.png,15
RA_53.png,15
RA_54.png,15
RA_55.png,15
RA_56.png,15
RA_6.png,15
RA_7.png,15
RA_8.png,15
RA_9.png,15
SA_1.png,16
SA_10.png,16
SA_11.png,16
SA_12.png,16
SA_13.png,16
SA_14.png,16
SA_15.png,16
SA_16.png,16
SA_17.png,16
SA_18.png,16
SA_19.png,16
SA_2.png,16
SA_20.png,16
SA_21.png,16
SA_22.png,16
SA_23.png,16
SA_24.png,16
SA_25.png,16
SA_26.png,16
SA_27.png,16
SA_28.png,16
SA_29.png,16
SA_3.png,16
SA_30.png,16
SA_31.png,16
SA_32.png,16
SA_33.png,16
SA_34.png,16
SA_35.png,16
SA_36.png,16
SA_37.png,16
SA_38.png,16
SA_39.png,16
SA_4.png,16
SA_40.png,16
SA_41.png,16
SA_42.png,16
SA_43.png,16
SA_44.png,16
SA_45.png,16
SA_46.png,16
SA_47.png,16
SA_48.png,16
SA_49.png,16
SA_5.png,16
SA_50.png,16
SA_51.png,16
SA_52.png,16
SA_53.png,16
SA_54.png,16
SA_55.png,16
SA_56.png,16
SA_57.png,16
SA_58.png,16
SA_59.png,16
SA_6.png,16
SA_60.png,16
SA_61.png,16
SA_62.png,16
SA_63.png,16
SA_64.png,16
SA_65.png,16
SA_66.png,16
SA_67.png,16
SA_68.png,16
SA_69.png,16
SA_7.png,16
SA_70.png,16
SA_71.png,16
SA_72.png,16
SA_73.png,16
SA_74.png,16
SA_75.png,16
SA_76.png,16
SA_77.png,16
SA_78.png,16
SA_79.png,16
SA_8.png,16
SA_80.png,16
SA_81.png,16
SA_82.png,16
SA_83.png,16
SA_84.png,16
SA_85.png,16
SA_86.png,16
SA_87.png,16
SA_88.png,16
SA_89.png,16
SA_9.png,16
SA_90.png,16
TA_1.png,17
TA_10.png,17
TA_11.png,17
TA_12.png,17
TA_13.png,17
TA_14.png,17
TA_15.png,17
TA_16.png,17
TA_17.png,17
TA_18.png,17
TA_19.png,17
TA_2.png,17
TA_20.png,17
TA_21.png,17
TA_22.png,17
TA_23.png,17
TA_24.png,17
TA_25.png,17
TA_26.png,17
TA_27.png,17
TA_28.png,17
TA_29.png,17
TA_3.png,17
TA_30.png,17
TA_31.png,17
TA_32.png,17
TA_33.png,17
TA_34.png,17
TA_35.png,17
TA_36.png,17
TA_37.png,17
TA_38.png,17
TA_39.png,17
TA_4.png,17
TA_40.png,17
TA_41.png,17
TA_42.png,17
TA_43.png,17
TA_44.png,17
TA_45.png,17
TA_46.png,17
TA_47.png,17
TA_48.png,17
TA_49.png,17
TA_5.png,17
TA_50.png,17
TA_51.png,17
TA_52.png,17
TA_53.png,17
TA_54.png,17
TA_55.png,17
TA_56.png,17
TA_57.png,17
TA_58.png,17
TA_59.png,17
TA_6.png,17
TA_60.png,17
TA_61.png,17
TA_62.png,17
TA_63.png,17
TA_64.png,17
TA_65.png,17
TA_66.png,17
TA_67.png,17
TA_68.png,17
TA_69.png,17
TA_7.png,17
TA_70.png,17
TA_71.png,17
TA_72.png,17
TA_73.png,17
TA_74.png,17
TA_75.png,17
TA_76.png,17
TA_77.png,17
TA_78.png,17
TA_8.png,17
TA_9.png,17
U_1.png,18
U_10.png,18
U_11.png,18
U_12.png,18
U_13.png,18
U_14.png,18
U_15.png,18
U_16.png,18
U_17.png,18
U_18.png,18
U_2.png,18
U_3.png,18
U_4.png,18
U_5.png,18
U_6.png,18
U_7.png,18
U_8.png,18
U_9.png,18
WA_1.png,19
WA_10.png,19
WA_11.png,19
WA_12.png,19
WA_13.png,19
WA_14.png,19
WA_15.png,19
WA_16.png,19
WA_17.png,19
WA_18.png,19
WA_19.png,19
WA_2.png,19
WA_20.png,19
WA_21.png,19
WA_22.png,19
WA_23.png,19
WA_24.png,19
WA_3.png,19
WA_4.png,19
WA_5.png,19
WA_6.png,19
WA_7.png,19
WA_8.png,19
WA_9.png,19
YA_1.png,20
YA_10.png,20
YA_11.png,20
YA_12.png,20
YA_13.png,20
YA_14.png,20
YA_15.png,20
YA_16.png,20
YA_17.png,20
YA_18.png,20
YA_19.png,20
YA_2.png,20
YA_20.png,20
YA_21.png,20
YA_22.png,20
YA_3.png,20
YA_4.png,20
YA_5.png,20
YA_6.png,20
YA_7.png,20
YA_8.png,20
YA_9.png,20
